timestamp_utc,boot_id,sequence,device_id,farm_id,zone_id,sensor_id,measurement,unit,raw,value,quality,firmware
2026-10-06T06:00:00Z,a3f09c12,1,cress-hydro-node,home-pilot,cress-hydro-a,sht31-1,air_temperature_c,C,,19.43,valid,cress-logger-0.1.0
2026-10-06T06:00:00Z,a3f09c12,2,cress-hydro-node,home-pilot,cress-hydro-a,sht31-1,humidity_pct,%,,63.91,valid,cress-logger-0.1.0
2026-10-06T06:00:00Z,a3f09c12,3,cress-hydro-node,home-pilot,cress-hydro-a,ds18b20-1,water_temperature_c,C,,17.17,valid,cress-logger-0.1.0
2026-10-06T06:00:00Z,a3f09c12,4,cress-hydro-node,home-pilot,cress-hydro-a,ph-probe-1,ph,pH,1.5107,6.87,valid,cress-logger-0.1.0
2026-10-06T06:05:00Z,a3f09c12,5,cress-hydro-node,home-pilot,cress-hydro-a,sht31-1,air_temperature_c,C,,19.46,valid,cress-logger-0.1.0
2026-10-06T06:05:00Z,a3f09c12,6,cress-hydro-node,home-pilot,cress-hydro-a,sht31-1,humidity_pct,%,,63.78,valid,cress-logger-0.1.0
2026-10-06T06:05:00Z,a3f09c12,7,cress-hydro-node,home-pilot,cress-hydro-a,ds18b20-1,water_temperature_c,C,,17.14,valid,cress-logger-0.1.0
2026-10-06T06:05:00Z,a3f09c12,8,cress-hydro-node,home-pilot,cress-hydro-a,ph-probe-1,ph,pH,1.5290,6.91,valid,cress-logger-0.1.0
2026-10-06T06:10:00Z,a3f09c12,9,cress-hydro-node,home-pilot,cress-hydro-a,sht31-1,air_temperature_c,C,,19.58,valid,cress-logger-0.1.0
2026-10-06T06:10:00Z,a3f09c12,10,cress-hydro-node,home-pilot,cress-hydro-a,sht31-1,humidity_pct,%,,63.51,valid,cress-logger-0.1.0
2026-10-06T06:10:00Z,a3f09c12,11,cress-hydro-node,home-pilot,cress-hydro-a,ds18b20-1,water_temperature_c,C,,17.20,valid,cress-logger-0.1.0
2026-10-06T06:10:00Z,a3f09c12,12,cress-hydro-node,home-pilot,cress-hydro-a,ph-probe-1,ph,pH,1.5162,6.80,valid,cress-logger-0.1.0
2026-10-06T06:15:00Z,a3f09c12,13,cress-hydro-node,home-pilot,cress-hydro-a,sht31-1,air_temperature_c,C,,19.59,valid,cress-logger-0.1.0
2026-10-06T06:15:00Z,a3f09c12,14,cress-hydro-node,home-pilot,cress-hydro-a,sht31-1,humidity_pct,%,,63.43,valid,cress-logger-0.1.0
2026-10-06T06:15:00Z,a3f09c12,15,cress-hydro-node,home-pilot,cress-hydro-a,ds18b20-1,water_temperature_c,C,,17.27,valid,cress-logger-0.1.0
2026-10-06T06:15:00Z,a3f09c12,16,cress-hydro-node,home-pilot,cress-hydro-a,ph-probe-1,ph,pH,1.5141,6.79,valid,cress-logger-0.1.0
2026-10-06T06:20:00Z,a3f09c12,17,cress-hydro-node,home-pilot,cress-hydro-a,sht31-1,air_temperature_c,C,,19.69,valid,cress-logger-0.1.0
2026-10-06T06:20:00Z,a3f09c12,18,cress-hydro-node,home-pilot,cress-hydro-a,sht31-1,humidity_pct,%,,63.22,valid,cress-logger-0.1.0
2026-10-06T06:20:00Z,a3f09c12,19,cress-hydro-node,home-pilot,cress-hydro-a,ds18b20-1,water_temperature_c,C,,17.24,valid,cress-logger-0.1.0
2026-10-06T06:20:00Z,a3f09c12,20,cress-hydro-node,home-pilot,cress-hydro-a,ph-probe-1,ph,pH,1.5149,6.96,valid,cress-logger-0.1.0
2026-10-06T06:25:00Z,a3f09c12,21,cress-hydro-node,home-pilot,cress-hydro-a,sht31-1,air_temperature_c,C,,19.76,valid,cress-logger-0.1.0
2026-10-06T06:25:00Z,a3f09c12,22,cress-hydro-node,home-pilot,cress-hydro-a,sht31-1,humidity_pct,%,,63.05,valid,cress-logger-0.1.0
2026-10-06T06:25:00Z,a3f09c12,23,cress-hydro-node,home-pilot,cress-hydro-a,ds18b20-1,water_temperature_c,C,,17.40,valid,cress-logger-0.1.0
2026-10-06T06:25:00Z,a3f09c12,24,cress-hydro-node,home-pilot,cress-hydro-a,ph-probe-1,ph,pH,1.5251,6.86,valid,cress-logger-0.1.0
2026-10-06T06:30:00Z,a3f09c12,25,cress-hydro-node,home-pilot,cress-hydro-a,sht31-1,air_temperature_c,C,,19.80,valid,cress-logger-0.1.0
2026-10-06T06:30:00Z,a3f09c12,26,cress-hydro-node,home-pilot,cress-hydro-a,sht31-1,humidity_pct,%,,62.83,valid,cress-logger-0.1.0
2026-10-06T06:30:00Z,a3f09c12,27,cress-hydro-node,home-pilot,cress-hydro-a,ds18b20-1,water_temperature_c,C,,17.33,valid,cress-logger-0.1.0
2026-10-06T06:30:00Z,a3f09c12,28,cress-hydro-node,home-pilot,cress-hydro-a,ph-probe-1,ph,pH,1.5239,6.89,valid,cress-logger-0.1.0
2026-10-06T06:35:00Z,a3f09c12,29,cress-hydro-node,home-pilot,cress-hydro-a,sht31-1,air_temperature_c,C,,19.87,valid,cress-logger-0.1.0
2026-10-06T06:35:00Z,a3f09c12,30,cress-hydro-node,home-pilot,cress-hydro-a,sht31-1,humidity_pct,%,,62.67,valid,cress-logger-0.1.0
2026-10-06T06:35:00Z,a3f09c12,31,cress-hydro-node,home-pilot,cress-hydro-a,ds18b20-1,water_temperature_c,C,,17.33,valid,cress-logger-0.1.0
2026-10-06T06:35:00Z,a3f09c12,32,cress-hydro-node,home-pilot,cress-hydro-a,ph-probe-1,ph,pH,1.5240,6.82,valid,cress-logger-0.1.0
2026-10-06T06:40:00Z,a3f09c12,33,cress-hydro-node,home-pilot,cress-hydro-a,sht31-1,air_temperature_c,C,,20.00,valid,cress-logger-0.1.0
2026-10-06T06:40:00Z,a3f09c12,34,cress-hydro-node,home-pilot,cress-hydro-a,sht31-1,humidity_pct,%,,62.36,valid,cress-logger-0.1.0
2026-10-06T06:40:00Z,a3f09c12,35,cress-hydro-node,home-pilot,cress-hydro-a,ds18b20-1,water_temperature_c,C,,17.39,valid,cress-logger-0.1.0
2026-10-06T06:40:00Z,a3f09c12,36,cress-hydro-node,home-pilot,cress-hydro-a,ph-probe-1,ph,pH,1.5134,,disconnected,cress-logger-0.1.0
2026-10-06T06:45:00Z,a3f09c12,37,cress-hydro-node,home-pilot,cress-hydro-a,sht31-1,air_temperature_c,C,,19.86,valid,cress-logger-0.1.0
2026-10-06T06:45:00Z,a3f09c12,38,cress-hydro-node,home-pilot,cress-hydro-a,sht31-1,humidity_pct,%,,62.13,valid,cress-logger-0.1.0
2026-10-06T06:45:00Z,a3f09c12,39,cress-hydro-node,home-pilot,cress-hydro-a,ds18b20-1,water_temperature_c,C,,17.36,valid,cress-logger-0.1.0
2026-10-06T06:45:00Z,a3f09c12,40,cress-hydro-node,home-pilot,cress-hydro-a,ph-probe-1,ph,pH,1.5190,,disconnected,cress-logger-0.1.0
2026-10-06T06:50:00Z,a3f09c12,41,cress-hydro-node,home-pilot,cress-hydro-a,sht31-1,air_temperature_c,C,,20.08,valid,cress-logger-0.1.0
2026-10-06T06:50:00Z,a3f09c12,42,cress-hydro-node,home-pilot,cress-hydro-a,sht31-1,humidity_pct,%,,62.07,valid,cress-logger-0.1.0
2026-10-06T06:50:00Z,a3f09c12,43,cress-hydro-node,home-pilot,cress-hydro-a,ds18b20-1,water_temperature_c,C,,17.38,valid,cress-logger-0.1.0
2026-10-06T06:50:00Z,a3f09c12,44,cress-hydro-node,home-pilot,cress-hydro-a,ph-probe-1,ph,pH,1.5292,,disconnected,cress-logger-0.1.0
2026-10-06T06:55:00Z,a3f09c12,45,cress-hydro-node,home-pilot,cress-hydro-a,sht31-1,air_temperature_c,C,,19.99,valid,cress-logger-0.1.0
2026-10-06T06:55:00Z,a3f09c12,46,cress-hydro-node,home-pilot,cress-hydro-a,sht31-1,humidity_pct,%,,61.75,valid,cress-logger-0.1.0
2026-10-06T06:55:00Z,a3f09c12,47,cress-hydro-node,home-pilot,cress-hydro-a,ds18b20-1,water_temperature_c,C,,17.44,valid,cress-logger-0.1.0
2026-10-06T06:55:00Z,a3f09c12,48,cress-hydro-node,home-pilot,cress-hydro-a,ph-probe-1,ph,pH,1.5184,6.79,valid,cress-logger-0.1.0
2026-10-06T07:00:00Z,a3f09c12,49,cress-hydro-node,home-pilot,cress-hydro-a,sht31-1,air_temperature_c,C,,20.11,valid,cress-logger-0.1.0
2026-10-06T07:00:00Z,a3f09c12,50,cress-hydro-node,home-pilot,cress-hydro-a,sht31-1,humidity_pct,%,,61.64,valid,cress-logger-0.1.0
2026-10-06T07:00:00Z,a3f09c12,51,cress-hydro-node,home-pilot,cress-hydro-a,ds18b20-1,water_temperature_c,C,,17.46,valid,cress-logger-0.1.0
2026-10-06T07:00:00Z,a3f09c12,52,cress-hydro-node,home-pilot,cress-hydro-a,ph-probe-1,ph,pH,1.5280,6.82,valid,cress-logger-0.1.0
2026-10-06T07:05:00Z,a3f09c12,53,cress-hydro-node,home-pilot,cress-hydro-a,sht31-1,air_temperature_c,C,,20.22,valid,cress-logger-0.1.0
2026-10-06T07:05:00Z,a3f09c12,54,cress-hydro-node,home-pilot,cress-hydro-a,sht31-1,humidity_pct,%,,61.38,valid,cress-logger-0.1.0
2026-10-06T07:05:00Z,a3f09c12,55,cress-hydro-node,home-pilot,cress-hydro-a,ds18b20-1,water_temperature_c,C,,17.38,valid,cress-logger-0.1.0
2026-10-06T07:05:00Z,a3f09c12,56,cress-hydro-node,home-pilot,cress-hydro-a,ph-probe-1,ph,pH,1.5113,6.82,valid,cress-logger-0.1.0
2026-10-06T07:10:00Z,a3f09c12,57,cress-hydro-node,home-pilot,cress-hydro-a,sht31-1,air_temperature_c,C,,20.13,valid,cress-logger-0.1.0
2026-10-06T07:10:00Z,a3f09c12,58,cress-hydro-node,home-pilot,cress-hydro-a,sht31-1,humidity_pct,%,,61.11,valid,cress-logger-0.1.0
2026-10-06T07:10:00Z,a3f09c12,59,cress-hydro-node,home-pilot,cress-hydro-a,ds18b20-1,water_temperature_c,C,,17.41,valid,cress-logger-0.1.0
2026-10-06T07:10:00Z,a3f09c12,60,cress-hydro-node,home-pilot,cress-hydro-a,ph-probe-1,ph,pH,1.5105,6.85,valid,cress-logger-0.1.0
2026-10-06T07:15:00Z,a3f09c12,61,cress-hydro-node,home-pilot,cress-hydro-a,sht31-1,air_temperature_c,C,,20.27,valid,cress-logger-0.1.0
2026-10-06T07:15:00Z,a3f09c12,62,cress-hydro-node,home-pilot,cress-hydro-a,sht31-1,humidity_pct,%,,60.95,valid,cress-logger-0.1.0
2026-10-06T07:15:00Z,a3f09c12,63,cress-hydro-node,home-pilot,cress-hydro-a,ds18b20-1,water_temperature_c,C,,17.47,valid,cress-logger-0.1.0
2026-10-06T07:15:00Z,a3f09c12,64,cress-hydro-node,home-pilot,cress-hydro-a,ph-probe-1,ph,pH,1.5299,6.95,valid,cress-logger-0.1.0
2026-10-06T07:20:00Z,a3f09c12,65,cress-hydro-node,home-pilot,cress-hydro-a,sht31-1,air_temperature_c,C,,20.30,valid,cress-logger-0.1.0
2026-10-06T07:20:00Z,a3f09c12,66,cress-hydro-node,home-pilot,cress-hydro-a,sht31-1,humidity_pct,%,,60.72,valid,cress-logger-0.1.0
2026-10-06T07:20:00Z,a3f09c12,67,cress-hydro-node,home-pilot,cress-hydro-a,ds18b20-1,water_temperature_c,C,,17.47,valid,cress-logger-0.1.0
2026-10-06T07:20:00Z,a3f09c12,68,cress-hydro-node,home-pilot,cress-hydro-a,ph-probe-1,ph,pH,1.5105,6.85,valid,cress-logger-0.1.0
2026-10-06T07:25:00Z,a3f09c12,69,cress-hydro-node,home-pilot,cress-hydro-a,sht31-1,air_temperature_c,C,,20.36,valid,cress-logger-0.1.0
2026-10-06T07:25:00Z,a3f09c12,70,cress-hydro-node,home-pilot,cress-hydro-a,sht31-1,humidity_pct,%,,60.61,valid,cress-logger-0.1.0
2026-10-06T07:25:00Z,a3f09c12,71,cress-hydro-node,home-pilot,cress-hydro-a,ds18b20-1,water_temperature_c,C,,17.55,valid,cress-logger-0.1.0
2026-10-06T07:25:00Z,a3f09c12,72,cress-hydro-node,home-pilot,cress-hydro-a,ph-probe-1,ph,pH,1.5239,7.00,valid,cress-logger-0.1.0
2026-10-06T07:30:00Z,a3f09c12,73,cress-hydro-node,home-pilot,cress-hydro-a,sht31-1,air_temperature_c,C,,20.37,valid,cress-logger-0.1.0
2026-10-06T07:30:00Z,a3f09c12,74,cress-hydro-node,home-pilot,cress-hydro-a,sht31-1,humidity_pct,%,,60.45,valid,cress-logger-0.1.0
2026-10-06T07:30:00Z,a3f09c12,75,cress-hydro-node,home-pilot,cress-hydro-a,ds18b20-1,water_temperature_c,C,,17.62,valid,cress-logger-0.1.0
2026-10-06T07:30:00Z,a3f09c12,76,cress-hydro-node,home-pilot,cress-hydro-a,ph-probe-1,ph,pH,1.5262,6.83,valid,cress-logger-0.1.0
2026-10-06T07:35:00Z,a3f09c12,77,cress-hydro-node,home-pilot,cress-hydro-a,sht31-1,air_temperature_c,C,,20.52,valid,cress-logger-0.1.0
2026-10-06T07:35:00Z,a3f09c12,78,cress-hydro-node,home-pilot,cress-hydro-a,sht31-1,humidity_pct,%,,60.26,valid,cress-logger-0.1.0
2026-10-06T07:35:00Z,a3f09c12,79,cress-hydro-node,home-pilot,cress-hydro-a,ds18b20-1,water_temperature_c,C,,17.53,valid,cress-logger-0.1.0
2026-10-06T07:35:00Z,a3f09c12,80,cress-hydro-node,home-pilot,cress-hydro-a,ph-probe-1,ph,pH,1.5106,6.87,valid,cress-logger-0.1.0
2026-10-06T07:40:00Z,a3f09c12,81,cress-hydro-node,home-pilot,cress-hydro-a,sht31-1,air_temperature_c,C,,20.46,valid,cress-logger-0.1.0
2026-10-06T07:40:00Z,a3f09c12,82,cress-hydro-node,home-pilot,cress-hydro-a,sht31-1,humidity_pct,%,,60.04,valid,cress-logger-0.1.0
2026-10-06T07:40:00Z,a3f09c12,83,cress-hydro-node,home-pilot,cress-hydro-a,ds18b20-1,water_temperature_c,C,,17.59,valid,cress-logger-0.1.0
2026-10-06T07:40:00Z,a3f09c12,84,cress-hydro-node,home-pilot,cress-hydro-a,ph-probe-1,ph,pH,1.5291,7.02,valid,cress-logger-0.1.0
2026-10-06T07:45:00Z,a3f09c12,85,cress-hydro-node,home-pilot,cress-hydro-a,sht31-1,air_temperature_c,C,,20.49,valid,cress-logger-0.1.0
2026-10-06T07:45:00Z,a3f09c12,86,cress-hydro-node,home-pilot,cress-hydro-a,sht31-1,humidity_pct,%,,59.74,valid,cress-logger-0.1.0
2026-10-06T07:45:00Z,a3f09c12,87,cress-hydro-node,home-pilot,cress-hydro-a,ds18b20-1,water_temperature_c,C,,17.64,valid,cress-logger-0.1.0
2026-10-06T07:45:00Z,a3f09c12,88,cress-hydro-node,home-pilot,cress-hydro-a,ph-probe-1,ph,pH,1.5196,6.99,valid,cress-logger-0.1.0
2026-10-06T07:50:00Z,a3f09c12,89,cress-hydro-node,home-pilot,cress-hydro-a,sht31-1,air_temperature_c,C,,20.66,valid,cress-logger-0.1.0
2026-10-06T07:50:00Z,a3f09c12,90,cress-hydro-node,home-pilot,cress-hydro-a,sht31-1,humidity_pct,%,,59.63,valid,cress-logger-0.1.0
2026-10-06T07:50:00Z,a3f09c12,91,cress-hydro-node,home-pilot,cress-hydro-a,ds18b20-1,water_temperature_c,C,,17.70,valid,cress-logger-0.1.0
2026-10-06T07:50:00Z,a3f09c12,92,cress-hydro-node,home-pilot,cress-hydro-a,ph-probe-1,ph,pH,1.5136,6.91,valid,cress-logger-0.1.0
2026-10-06T07:55:00Z,a3f09c12,93,cress-hydro-node,home-pilot,cress-hydro-a,sht31-1,air_temperature_c,C,,20.62,valid,cress-logger-0.1.0
2026-10-06T07:55:00Z,a3f09c12,94,cress-hydro-node,home-pilot,cress-hydro-a,sht31-1,humidity_pct,%,,59.49,valid,cress-logger-0.1.0
2026-10-06T07:55:00Z,a3f09c12,95,cress-hydro-node,home-pilot,cress-hydro-a,ds18b20-1,water_temperature_c,C,,17.64,valid,cress-logger-0.1.0
2026-10-06T07:55:00Z,a3f09c12,96,cress-hydro-node,home-pilot,cress-hydro-a,ph-probe-1,ph,pH,1.5134,6.97,valid,cress-logger-0.1.0
2026-10-06T08:00:00Z,7b21e004,1,cress-hydro-node,home-pilot,cress-hydro-a,sht31-1,air_temperature_c,C,,20.63,valid,cress-logger-0.1.0
2026-10-06T08:00:00Z,7b21e004,2,cress-hydro-node,home-pilot,cress-hydro-a,sht31-1,humidity_pct,%,,59.26,valid,cress-logger-0.1.0
2026-10-06T08:00:00Z,7b21e004,3,cress-hydro-node,home-pilot,cress-hydro-a,ds18b20-1,water_temperature_c,C,,17.75,valid,cress-logger-0.1.0
2026-10-06T08:00:00Z,7b21e004,4,cress-hydro-node,home-pilot,cress-hydro-a,ph-probe-1,ph,pH,1.5170,6.96,valid,cress-logger-0.1.0
2026-10-06T08:05:00Z,7b21e004,5,cress-hydro-node,home-pilot,cress-hydro-a,sht31-1,air_temperature_c,C,,20.68,valid,cress-logger-0.1.0
2026-10-06T08:05:00Z,7b21e004,6,cress-hydro-node,home-pilot,cress-hydro-a,sht31-1,humidity_pct,%,,59.09,valid,cress-logger-0.1.0
2026-10-06T08:05:00Z,7b21e004,7,cress-hydro-node,home-pilot,cress-hydro-a,ds18b20-1,water_temperature_c,C,,17.71,valid,cress-logger-0.1.0
2026-10-06T08:05:00Z,7b21e004,8,cress-hydro-node,home-pilot,cress-hydro-a,ph-probe-1,ph,pH,1.5274,6.91,valid,cress-logger-0.1.0
2026-10-06T08:10:00Z,7b21e004,9,cress-hydro-node,home-pilot,cress-hydro-a,sht31-1,air_temperature_c,C,,20.74,valid,cress-logger-0.1.0
2026-10-06T08:10:00Z,7b21e004,10,cress-hydro-node,home-pilot,cress-hydro-a,sht31-1,humidity_pct,%,,58.76,valid,cress-logger-0.1.0
2026-10-06T08:10:00Z,7b21e004,11,cress-hydro-node,home-pilot,cress-hydro-a,ds18b20-1,water_temperature_c,C,,17.74,valid,cress-logger-0.1.0
2026-10-06T08:10:00Z,7b21e004,12,cress-hydro-node,home-pilot,cress-hydro-a,ph-probe-1,ph,pH,1.5126,6.87,valid,cress-logger-0.1.0
2026-10-06T08:15:00Z,7b21e004,13,cress-hydro-node,home-pilot,cress-hydro-a,sht31-1,air_temperature_c,C,,20.82,valid,cress-logger-0.1.0
2026-10-06T08:15:00Z,7b21e004,14,cress-hydro-node,home-pilot,cress-hydro-a,sht31-1,humidity_pct,%,,58.62,valid,cress-logger-0.1.0
2026-10-06T08:15:00Z,7b21e004,15,cress-hydro-node,home-pilot,cress-hydro-a,ds18b20-1,water_temperature_c,C,,17.72,valid,cress-logger-0.1.0
2026-10-06T08:15:00Z,7b21e004,16,cress-hydro-node,home-pilot,cress-hydro-a,ph-probe-1,ph,pH,1.5206,6.93,valid,cress-logger-0.1.0
2026-10-06T08:20:00Z,7b21e004,17,cress-hydro-node,home-pilot,cress-hydro-a,sht31-1,air_temperature_c,C,,20.80,valid,cress-logger-0.1.0
2026-10-06T08:20:00Z,7b21e004,18,cress-hydro-node,home-pilot,cress-hydro-a,sht31-1,humidity_pct,%,,58.34,valid,cress-logger-0.1.0
2026-10-06T08:20:00Z,7b21e004,19,cress-hydro-node,home-pilot,cress-hydro-a,ds18b20-1,water_temperature_c,C,,17.82,valid,cress-logger-0.1.0
2026-10-06T08:20:00Z,7b21e004,20,cress-hydro-node,home-pilot,cress-hydro-a,ph-probe-1,ph,pH,1.5245,6.88,valid,cress-logger-0.1.0
2026-10-06T08:25:00Z,7b21e004,21,cress-hydro-node,home-pilot,cress-hydro-a,sht31-1,air_temperature_c,C,,20.92,valid,cress-logger-0.1.0
2026-10-06T08:25:00Z,7b21e004,22,cress-hydro-node,home-pilot,cress-hydro-a,sht31-1,humidity_pct,%,,58.21,valid,cress-logger-0.1.0
2026-10-06T08:25:00Z,7b21e004,23,cress-hydro-node,home-pilot,cress-hydro-a,ds18b20-1,water_temperature_c,C,,17.70,valid,cress-logger-0.1.0
2026-10-06T08:25:00Z,7b21e004,24,cress-hydro-node,home-pilot,cress-hydro-a,ph-probe-1,ph,pH,1.5155,6.85,valid,cress-logger-0.1.0
2026-10-06T08:30:00Z,7b21e004,25,cress-hydro-node,home-pilot,cress-hydro-a,sht31-1,air_temperature_c,C,,21.00,valid,cress-logger-0.1.0
2026-10-06T08:30:00Z,7b21e004,26,cress-hydro-node,home-pilot,cress-hydro-a,sht31-1,humidity_pct,%,,58.05,valid,cress-logger-0.1.0
2026-10-06T08:30:00Z,7b21e004,27,cress-hydro-node,home-pilot,cress-hydro-a,ds18b20-1,water_temperature_c,C,,17.79,valid,cress-logger-0.1.0
2026-10-06T08:30:00Z,7b21e004,28,cress-hydro-node,home-pilot,cress-hydro-a,ph-probe-1,ph,pH,1.5202,7.55,valid,cress-logger-0.1.0
2026-10-06T08:35:00Z,7b21e004,29,cress-hydro-node,home-pilot,cress-hydro-a,sht31-1,air_temperature_c,C,,21.04,valid,cress-logger-0.1.0
2026-10-06T08:35:00Z,7b21e004,30,cress-hydro-node,home-pilot,cress-hydro-a,sht31-1,humidity_pct,%,,57.80,valid,cress-logger-0.1.0
2026-10-06T08:35:00Z,7b21e004,31,cress-hydro-node,home-pilot,cress-hydro-a,ds18b20-1,water_temperature_c,C,,17.86,valid,cress-logger-0.1.0
2026-10-06T08:35:00Z,7b21e004,32,cress-hydro-node,home-pilot,cress-hydro-a,ph-probe-1,ph,pH,1.5152,7.50,valid,cress-logger-0.1.0
2026-10-06T08:40:00Z,7b21e004,33,cress-hydro-node,home-pilot,cress-hydro-a,sht31-1,air_temperature_c,C,,21.17,valid,cress-logger-0.1.0
2026-10-06T08:40:00Z,7b21e004,34,cress-hydro-node,home-pilot,cress-hydro-a,sht31-1,humidity_pct,%,,57.52,valid,cress-logger-0.1.0
2026-10-06T08:40:00Z,7b21e004,35,cress-hydro-node,home-pilot,cress-hydro-a,ds18b20-1,water_temperature_c,C,,17.75,valid,cress-logger-0.1.0
2026-10-06T08:40:00Z,7b21e004,36,cress-hydro-node,home-pilot,cress-hydro-a,ph-probe-1,ph,pH,1.5234,7.51,valid,cress-logger-0.1.0
2026-10-06T08:45:00Z,7b21e004,37,cress-hydro-node,home-pilot,cress-hydro-a,sht31-1,air_temperature_c,C,,21.08,valid,cress-logger-0.1.0
2026-10-06T08:45:00Z,7b21e004,38,cress-hydro-node,home-pilot,cress-hydro-a,sht31-1,humidity_pct,%,,57.43,valid,cress-logger-0.1.0
2026-10-06T08:45:00Z,7b21e004,39,cress-hydro-node,home-pilot,cress-hydro-a,ds18b20-1,water_temperature_c,C,,17.94,valid,cress-logger-0.1.0
2026-10-06T08:45:00Z,7b21e004,40,cress-hydro-node,home-pilot,cress-hydro-a,ph-probe-1,ph,pH,1.5291,7.50,valid,cress-logger-0.1.0
2026-10-06T08:50:00Z,7b21e004,41,cress-hydro-node,home-pilot,cress-hydro-a,sht31-1,air_temperature_c,C,,21.30,valid,cress-logger-0.1.0
2026-10-06T08:50:00Z,7b21e004,42,cress-hydro-node,home-pilot,cress-hydro-a,sht31-1,humidity_pct,%,,57.13,valid,cress-logger-0.1.0
2026-10-06T08:50:00Z,7b21e004,43,cress-hydro-node,home-pilot,cress-hydro-a,ds18b20-1,water_temperature_c,C,,17.88,valid,cress-logger-0.1.0
2026-10-06T08:50:00Z,7b21e004,44,cress-hydro-node,home-pilot,cress-hydro-a,ph-probe-1,ph,pH,1.5164,7.51,valid,cress-logger-0.1.0
2026-10-06T08:55:00Z,7b21e004,45,cress-hydro-node,home-pilot,cress-hydro-a,sht31-1,air_temperature_c,C,,21.26,valid,cress-logger-0.1.0
2026-10-06T08:55:00Z,7b21e004,46,cress-hydro-node,home-pilot,cress-hydro-a,sht31-1,humidity_pct,%,,56.90,valid,cress-logger-0.1.0
2026-10-06T08:55:00Z,7b21e004,47,cress-hydro-node,home-pilot,cress-hydro-a,ds18b20-1,water_temperature_c,C,,17.92,valid,cress-logger-0.1.0
2026-10-06T08:55:00Z,7b21e004,48,cress-hydro-node,home-pilot,cress-hydro-a,ph-probe-1,ph,pH,1.5297,7.51,valid,cress-logger-0.1.0
2026-10-06T06:00:00Z,a3f09c12,1,cress-soil-node,home-pilot,cress-soil-a,sht31-1,air_temperature_c,C,,19.42,valid,cress-logger-0.1.0
2026-10-06T06:00:00Z,a3f09c12,2,cress-soil-node,home-pilot,cress-soil-a,sht31-1,humidity_pct,%,,63.91,valid,cress-logger-0.1.0
2026-10-06T06:00:00Z,a3f09c12,3,cress-soil-node,home-pilot,cress-soil-a,cap-moisture-1,soil_moisture_pct,%,,47.95,valid,cress-logger-0.1.0
2026-10-06T06:05:00Z,a3f09c12,4,cress-soil-node,home-pilot,cress-soil-a,sht31-1,air_temperature_c,C,,19.53,valid,cress-logger-0.1.0
2026-10-06T06:05:00Z,a3f09c12,5,cress-soil-node,home-pilot,cress-soil-a,sht31-1,humidity_pct,%,,63.86,valid,cress-logger-0.1.0
2026-10-06T06:05:00Z,a3f09c12,6,cress-soil-node,home-pilot,cress-soil-a,cap-moisture-1,soil_moisture_pct,%,,47.78,valid,cress-logger-0.1.0
2026-10-06T06:10:00Z,a3f09c12,7,cress-soil-node,home-pilot,cress-soil-a,sht31-1,air_temperature_c,C,,19.61,valid,cress-logger-0.1.0
2026-10-06T06:10:00Z,a3f09c12,8,cress-soil-node,home-pilot,cress-soil-a,sht31-1,humidity_pct,%,,63.52,valid,cress-logger-0.1.0
2026-10-06T06:10:00Z,a3f09c12,9,cress-soil-node,home-pilot,cress-soil-a,cap-moisture-1,soil_moisture_pct,%,,47.74,valid,cress-logger-0.1.0
2026-10-06T06:15:00Z,a3f09c12,10,cress-soil-node,home-pilot,cress-soil-a,sht31-1,air_temperature_c,C,,19.56,valid,cress-logger-0.1.0
2026-10-06T06:15:00Z,a3f09c12,11,cress-soil-node,home-pilot,cress-soil-a,sht31-1,humidity_pct,%,,63.43,valid,cress-logger-0.1.0
2026-10-06T06:15:00Z,a3f09c12,12,cress-soil-node,home-pilot,cress-soil-a,cap-moisture-1,soil_moisture_pct,%,,47.47,valid,cress-logger-0.1.0
2026-10-06T06:20:00Z,a3f09c12,13,cress-soil-node,home-pilot,cress-soil-a,sht31-1,air_temperature_c,C,,19.61,valid,cress-logger-0.1.0
2026-10-06T06:20:00Z,a3f09c12,14,cress-soil-node,home-pilot,cress-soil-a,sht31-1,humidity_pct,%,,63.19,valid,cress-logger-0.1.0
2026-10-06T06:20:00Z,a3f09c12,15,cress-soil-node,home-pilot,cress-soil-a,cap-moisture-1,soil_moisture_pct,%,,47.41,valid,cress-logger-0.1.0
2026-10-06T06:25:00Z,a3f09c12,16,cress-soil-node,home-pilot,cress-soil-a,sht31-1,air_temperature_c,C,,19.70,valid,cress-logger-0.1.0
2026-10-06T06:25:00Z,a3f09c12,17,cress-soil-node,home-pilot,cress-soil-a,sht31-1,humidity_pct,%,,63.01,valid,cress-logger-0.1.0
2026-10-06T06:25:00Z,a3f09c12,18,cress-soil-node,home-pilot,cress-soil-a,cap-moisture-1,soil_moisture_pct,%,,47.17,valid,cress-logger-0.1.0
2026-10-06T06:30:00Z,a3f09c12,19,cress-soil-node,home-pilot,cress-soil-a,sht31-1,air_temperature_c,C,,19.71,valid,cress-logger-0.1.0
2026-10-06T06:30:00Z,a3f09c12,20,cress-soil-node,home-pilot,cress-soil-a,sht31-1,humidity_pct,%,,62.76,valid,cress-logger-0.1.0
2026-10-06T06:30:00Z,a3f09c12,21,cress-soil-node,home-pilot,cress-soil-a,cap-moisture-1,soil_moisture_pct,%,,err,valid,cress-logger-0.1.0
2026-10-06T06:35:00Z,a3f09c12,22,cress-soil-node,home-pilot,cress-soil-a,sht31-1,air_temperature_c,C,,19.85,valid,cress-logger-0.1.0
2026-10-06T06:35:00Z,a3f09c12,23,cress-soil-node,home-pilot,cress-soil-a,sht31-1,humidity_pct,%,,62.57,valid,cress-logger-0.1.0
2026-10-06T06:35:00Z,a3f09c12,24,cress-soil-node,home-pilot,cress-soil-a,cap-moisture-1,soil_moisture_pct,%,,46.90,valid,cress-logger-0.1.0
2026-10-06T06:40:00Z,a3f09c12,25,cress-soil-node,home-pilot,cress-soil-a,sht31-1,air_temperature_c,C,,19.95,valid,cress-logger-0.1.0
2026-10-06T06:40:00Z,a3f09c12,26,cress-soil-node,home-pilot,cress-soil-a,sht31-1,humidity_pct,%,,62.34,valid,cress-logger-0.1.0
2026-10-06T06:40:00Z,a3f09c12,27,cress-soil-node,home-pilot,cress-soil-a,cap-moisture-1,soil_moisture_pct,%,,46.89,valid,cress-logger-0.1.0
2026-10-06T06:45:00Z,a3f09c12,28,cress-soil-node,home-pilot,cress-soil-a,sht31-1,air_temperature_c,C,,20.01,valid,cress-logger-0.1.0
2026-10-06T06:45:00Z,a3f09c12,29,cress-soil-node,home-pilot,cress-soil-a,sht31-1,humidity_pct,%,,62.20,valid,cress-logger-0.1.0
2026-10-06T06:45:00Z,a3f09c12,30,cress-soil-node,home-pilot,cress-soil-a,cap-moisture-1,soil_moisture_pct,%,,46.63,valid,cress-logger-0.1.0
2026-10-06T06:50:00Z,a3f09c12,31,cress-soil-node,home-pilot,cress-soil-a,sht31-1,air_temperature_c,C,,20.04,valid,cress-logger-0.1.0
2026-10-06T06:50:00Z,a3f09c12,32,cress-soil-node,home-pilot,cress-soil-a,sht31-1,humidity_pct,%,,61.97,valid,cress-logger-0.1.0
2026-10-06T06:50:00Z,a3f09c12,33,cress-soil-node,home-pilot,cress-soil-a,cap-moisture-1,soil_moisture_pct,%,,46.54,valid,cress-logger-0.1.0
2026-10-06T06:55:00Z,a3f09c12,34,cress-soil-node,home-pilot,cress-soil-a,sht31-1,air_temperature_c,C,,20.03,valid,cress-logger-0.1.0
2026-10-06T06:55:00Z,a3f09c12,35,cress-soil-node,home-pilot,cress-soil-a,sht31-1,humidity_pct,%,,61.71,valid,cress-logger-0.1.0
2026-10-06T06:55:00Z,a3f09c12,36,cress-soil-node,home-pilot,cress-soil-a,cap-moisture-1,soil_moisture_pct,%,,46.26,valid,cress-logger-0.1.0
2026-10-06T07:00:00Z,a3f09c12,37,cress-soil-node,home-pilot,cress-soil-a,sht31-1,air_temperature_c,C,,20.05,valid,cress-logger-0.1.0
2026-10-06T07:00:00Z,a3f09c12,38,cress-soil-node,home-pilot,cress-soil-a,sht31-1,humidity_pct,%,,61.52,valid,cress-logger-0.1.0
2026-10-06T07:00:00Z,a3f09c12,39,cress-soil-node,home-pilot,cress-soil-a,cap-moisture-1,soil_moisture_pct,%,,46.27,valid,cress-logger-0.1.0
2026-10-06T07:05:00Z,a3f09c12,40,cress-soil-node,home-pilot,cress-soil-a,sht31-1,air_temperature_c,C,,20.11,valid,cress-logger-0.1.0
2026-10-06T07:05:00Z,a3f09c12,41,cress-soil-node,home-pilot,cress-soil-a,sht31-1,humidity_pct,%,,61.36,valid,cress-logger-0.1.0
2026-10-06T07:05:00Z,a3f09c12,42,cress-soil-node,home-pilot,cress-soil-a,cap-moisture-1,soil_moisture_pct,%,,45.98,valid,cress-logger-0.1.0
2026-10-06T07:40:00Z,a3f09c12,43,cress-soil-node,home-pilot,cress-soil-a,sht31-1,air_temperature_c,C,,20.45,valid,cress-logger-0.1.0
2026-10-06T07:40:00Z,a3f09c12,44,cress-soil-node,home-pilot,cress-soil-a,sht31-1,humidity_pct,%,,60.09,valid,cress-logger-0.1.0
2026-10-06T07:40:00Z,a3f09c12,45,cress-soil-node,home-pilot,cress-soil-a,cap-moisture-1,soil_moisture_pct,%,,44.95,valid,cress-logger-0.1.0
2026-10-06T07:45:00Z,a3f09c12,46,cress-soil-node,home-pilot,cress-soil-a,sht31-1,air_temperature_c,C,,20.51,valid,cress-logger-0.1.0
2026-10-06T07:45:00Z,a3f09c12,47,cress-soil-node,home-pilot,cress-soil-a,sht31-1,humidity_pct,%,,59.70,valid,cress-logger-0.1.0
2026-10-06T07:45:00Z,a3f09c12,48,cress-soil-node,home-pilot,cress-soil-a,cap-moisture-1,soil_moisture_pct,%,,44.84,valid,cress-logger-0.1.0
2026-10-06T07:50:00Z,a3f09c12,49,cress-soil-node,home-pilot,cress-soil-a,sht31-1,air_temperature_c,C,,20.54,valid,cress-logger-0.1.0
2026-10-06T07:50:00Z,a3f09c12,50,cress-soil-node,home-pilot,cress-soil-a,sht31-1,humidity_pct,%,,59.50,valid,cress-logger-0.1.0
2026-10-06T07:50:00Z,a3f09c12,51,cress-soil-node,home-pilot,cress-soil-a,cap-moisture-1,soil_moisture_pct,%,,44.62,valid,cress-logger-0.1.0
2026-10-06T07:55:00Z,a3f09c12,52,cress-soil-node,home-pilot,cress-soil-a,sht31-1,air_temperature_c,C,,20.56,valid,cress-logger-0.1.0
2026-10-06T07:55:00Z,a3f09c12,53,cress-soil-node,home-pilot,cress-soil-a,sht31-1,humidity_pct,%,,59.36,valid,cress-logger-0.1.0
2026-10-06T07:55:00Z,a3f09c12,54,cress-soil-node,home-pilot,cress-soil-a,cap-moisture-1,soil_moisture_pct,%,,44.57,valid,cress-logger-0.1.0
2026-10-06T08:00:00Z,a3f09c12,55,cress-soil-node,home-pilot,cress-soil-a,sht31-1,air_temperature_c,C,,20.75,valid,cress-logger-0.1.0
2026-10-06T08:00:00Z,a3f09c12,56,cress-soil-node,home-pilot,cress-soil-a,sht31-1,humidity_pct,%,,59.24,valid,cress-logger-0.1.0
2026-10-06T08:00:00Z,a3f09c12,57,cress-soil-node,home-pilot,cress-soil-a,cap-moisture-1,soil_moisture_pct,%,,44.38,valid,cress-logger-0.1.0
2026-10-06T08:05:00Z,a3f09c12,58,cress-soil-node,home-pilot,cress-soil-a,sht31-1,air_temperature_c,C,,20.85,valid,cress-logger-0.1.0
2026-10-06T08:05:00Z,a3f09c12,59,cress-soil-node,home-pilot,cress-soil-a,sht31-1,humidity_pct,%,,59.04,valid,cress-logger-0.1.0
2026-10-06T08:05:00Z,a3f09c12,60,cress-soil-node,home-pilot,cress-soil-a,cap-moisture-1,soil_moisture_pct,%,,44.16,valid,cress-logger-0.1.0
2026-10-06T08:10:00Z,a3f09c12,61,cress-soil-node,home-pilot,cress-soil-a,sht31-1,air_temperature_c,C,,20.88,valid,cress-logger-0.1.0
2026-10-06T08:10:00Z,a3f09c12,62,cress-soil-node,home-pilot,cress-soil-a,sht31-1,humidity_pct,%,,58.85,valid,cress-logger-0.1.0
2026-10-06T08:10:00Z,a3f09c12,63,cress-soil-node,home-pilot,cress-soil-a,cap-moisture-1,soil_moisture_pct,%,,44.03,valid,cress-logger-0.1.0
2026-10-06T08:15:00Z,a3f09c12,64,cress-soil-node,home-pilot,cress-soil-a,sht31-1,air_temperature_c,C,,20.85,valid,cress-logger-0.1.0
2026-10-06T08:15:00Z,a3f09c12,65,cress-soil-node,home-pilot,cress-soil-a,sht31-1,humidity_pct,%,,58.66,valid,cress-logger-0.1.0
2026-10-06T08:15:00Z,a3f09c12,66,cress-soil-node,home-pilot,cress-soil-a,cap-moisture-1,soil_moisture_pct,%,,43.97,valid,cress-logger-0.1.0
2026-10-06T08:20:00Z,a3f09c12,67,cress-soil-node,home-pilot,cress-soil-a,sht31-1,air_temperature_c,C,,20.94,valid,cress-logger-0.1.0
2026-10-06T08:20:00Z,a3f09c12,68,cress-soil-node,home-pilot,cress-soil-a,sht31-1,humidity_pct,%,,58.40,valid,cress-logger-0.1.0
2026-10-06T08:20:00Z,a3f09c12,69,cress-soil-node,home-pilot,cress-soil-a,cap-moisture-1,soil_moisture_pct,%,,43.73,valid,cress-logger-0.1.0
2026-10-06T08:25:00Z,a3f09c12,70,cress-soil-node,home-pilot,cress-soil-a,sht31-1,air_temperature_c,C,,20.87,valid,cress-logger-0.1.0
2026-10-06T08:25:00Z,a3f09c12,71,cress-soil-node,home-pilot,cress-soil-a,sht31-1,humidity_pct,%,,58.40,valid,cress-logger-0.1.0
2026-10-06T08:25:00Z,a3f09c12,72,cress-soil-node,home-pilot,cress-soil-a,cap-moisture-1,soil_moisture_pct,%,,43.68,valid,cress-logger-0.1.0
2026-10-06T08:30:00Z,a3f09c12,73,cress-soil-node,home-pilot,cress-soil-a,sht31-1,air_temperature_c,C,,21.00,valid,cress-logger-0.1.0
2026-10-06T08:30:00Z,a3f09c12,74,cress-soil-node,home-pilot,cress-soil-a,sht31-1,humidity_pct,%,,58.40,valid,cress-logger-0.1.0
2026-10-06T08:30:00Z,a3f09c12,75,cress-soil-node,home-pilot,cress-soil-a,cap-moisture-1,soil_moisture_pct,%,,43.50,valid,cress-logger-0.1.0
2026-10-06T08:35:00Z,a3f09c12,76,cress-soil-node,home-pilot,cress-soil-a,sht31-1,air_temperature_c,C,,21.08,valid,cress-logger-0.1.0
2026-10-06T08:35:00Z,a3f09c12,77,cress-soil-node,home-pilot,cress-soil-a,sht31-1,humidity_pct,%,,58.40,valid,cress-logger-0.1.0
2026-10-06T08:35:00Z,a3f09c12,78,cress-soil-node,home-pilot,cress-soil-a,cap-moisture-1,soil_moisture_pct,%,,43.26,valid,cress-logger-0.1.0
2026-10-06T08:40:00Z,a3f09c12,79,cress-soil-node,home-pilot,cress-soil-a,sht31-1,air_temperature_c,C,,21.15,valid,cress-logger-0.1.0
2026-10-06T08:40:00Z,a3f09c12,80,cress-soil-node,home-pilot,cress-soil-a,sht31-1,humidity_pct,%,,58.40,valid,cress-logger-0.1.0
2026-10-06T08:40:00Z,a3f09c12,81,cress-soil-node,home-pilot,cress-soil-a,cap-moisture-1,soil_moisture_pct,%,,43.20,valid,cress-logger-0.1.0
2026-10-07T08:45:00Z,a3f09c12,82,cress-soil-node,home-pilot,cress-soil-a,sht31-1,air_temperature_c,C,,21.15,valid,cress-logger-0.1.0
2026-10-07T08:45:00Z,a3f09c12,83,cress-soil-node,home-pilot,cress-soil-a,sht31-1,humidity_pct,%,,58.40,valid,cress-logger-0.1.0
2026-10-07T08:45:00Z,a3f09c12,84,cress-soil-node,home-pilot,cress-soil-a,cap-moisture-1,soil_moisture_pct,%,,43.08,valid,cress-logger-0.1.0
2026-10-06T08:50:00Z,a3f09c12,85,cress-soil-node,home-pilot,cress-soil-a,sht31-1,air_temperature_c,C,,21.13,valid,cress-logger-0.1.0
2026-10-06T08:50:00Z,a3f09c12,86,cress-soil-node,home-pilot,cress-soil-a,sht31-1,humidity_pct,%,,58.40,valid,cress-logger-0.1.0
2026-10-06T08:50:00Z,a3f09c12,87,cress-soil-node,home-pilot,cress-soil-a,cap-moisture-1,soil_moisture_pct,%,,42.91,valid,cress-logger-0.1.0
2026-10-06T08:55:00Z,a3f09c12,88,cress-soil-node,home-pilot,cress-soil-a,sht31-1,air_temperature_c,C,,21.16,valid,cress-logger-0.1.0
2026-10-06T08:55:00Z,a3f09c12,89,cress-soil-node,home-pilot,cress-soil-a,sht31-1,humidity_pct,%,,58.40,valid,cress-logger-0.1.0
2026-10-06T08:55:00Z,a3f09c12,90,cress-soil-node,home-pilot,cress-soil-a,cap-moisture-1,soil_moisture_pct,%,,42.79,valid,cress-logger-0.1.0
