time,temperature,humidity,pH,EC
2026-10-06T00:00:00+04:00,21.87,70.0,6.20,1.40
2026-10-06T00:15:00+04:00,21.82,70.7,6.17,1.43
2026-10-06T00:30:00+04:00,22.36,68.8,6.20,1.42
2026-10-06T00:45:00+04:00,22.43,69.6,6.18,1.38
2026-10-06T01:00:00+04:00,22.47,69.0,6.21,1.38
2026-10-06T01:15:00+04:00,22.26,70.4,6.16,1.42
2026-10-06T01:30:00+04:00,22.31,70.2,6.22,1.38
2026-10-06T01:45:00+04:00,22.59,69.3,6.15,1.37
2026-10-06T02:00:00+04:00,22.40,69.1,6.18,1.38
2026-10-06T02:15:00+04:00,22.36,68.7,6.23,1.37
2026-10-06T02:30:00+04:00,22.65,69.7,14.9,1.43
2026-10-06T02:45:00+04:00,22.68,69.7,6.18,1.39
2026-10-06T03:00:00+04:00,22.54,69.8,6.21,1.39
2026-10-06T03:15:00+04:00,22.61,68.3,6.15,1.38
2026-10-06T03:30:00+04:00,22.90,68.2,6.24,1.38
2026-10-06T03:45:00+04:00,22.61,68.5,6.17,1.39
2026-10-06T04:00:00+04:00,23.07,69.2,6.23,1.41
2026-10-06T04:15:00+04:00,23.10,104.2,6.20,1.41
2026-10-06T04:30:00+04:00,22.63,68.7,6.20,1.42
2026-10-06T04:45:00+04:00,23.04,67.7,6.15,1.43
2026-10-06T05:00:00+04:00,22.78,67.9,6.18,1.39
2026-10-06T05:15:00+04:00,23.19,68.9,6.18,1.41
2026-10-06T05:30:00+04:00,22.98,67.9,6.19,
2026-10-06T05:45:00+04:00,22.95,67.1,6.24,1.40
2026-10-06T06:00:00+04:00,23.03,68.4,6.25,1.40
2026-10-06T06:15:00+04:00,23.03,66.9,6.16,1.39
2026-10-06T06:30:00+04:00,23.05,66.9,6.18,1.40
2026-10-06T06:45:00+04:00,23.58,67.8,6.19,1.39
2026-10-06T07:00:00+04:00,23.41,67.0,6.18,1.37
2026-10-06T07:15:00+04:00,23.32,68.0,6.16,1.40
2026-10-06 07:30:00,23.58,67.7,6.17,1.39
2026-10-06T07:45:00+04:00,23.40,66.7,6.19,1.43
2026-10-06T08:00:00+04:00,23.81,67.5,6.15,1.37
2026-10-06T08:15:00+04:00,23.78,67.5,6.20,1.41
2026-10-06T08:30:00+04:00,23.40,66.4,6.24,1.42
2026-10-06T08:45:00+04:00,23.96,67.4,6.17,1.38
2026-10-06T09:00:00+04:00,23.59,66.4,6.22,1.43
2026-10-06T09:15:00+04:00,23.98,66.6,6.23,1.40
2026-10-06T09:30:00+04:00,23.93,65.3,6.23,1.38
2026-10-06T09:45:00+04:00,24.20,66.4,6.18,1.38
2026-10-06T10:00:00+04:00,NaN,66.3,6.22,1.38
2026-10-06T10:15:00+04:00,23.79,65.9,6.21,1.39
2026-10-06T10:30:00+04:00,23.93,66.0,6.15,1.39
2026-10-06T10:45:00+04:00,24.13,66.6,6.21,1.42
2026-10-06T11:00:00+04:00,24.19,65.1,6.17,1.43
2026-10-06T11:15:00+04:00,24.37,65.1,6.15,1.40
2026-10-06T11:30:00+04:00,24.40,65.2,6.18,1.41
2026-10-06T11:45:00+04:00,24.61,64.8,6.15,1.39
